timestamp,temperature,humidity,energy_usage,motion_detected,appliance_status
2024-01-24 07:00:00,21.22858339917964,56.61154258021803,,1,OFF
2024-01-02 09:00:00,23.541432391580578,59.95606039566833,2.5073440973645984,1,ON
2024-01-12 11:00:00,28.651613558839088,45.61707819731159,2.4547333588479194,0,OFF
2024-01-09 06:00:00,20.116417436892,57.59320577190935,3.5312624596215727,0,ON
2024-01-09 00:00:00,15.0,68.74691841855378,0.6069350503047615,0,OFF
2024-01-07 11:00:00,26.29870377425981,59.524733656199224,1.9951346476450311,0,ON
2024-01-02 15:00:00,26.050576721230627,54.425684315199014,2.281270849838295,1,ON
2024-01-10 07:00:00,18.845120618440863,61.23643975344179,2.196089006452784,0,ON
2024-01-28 09:00:00,,56.78661732407183,,1,OFF
2024-01-08 06:00:00,20.55338159866004,66.08072255719757,2.4097600432046873,0,ON
2024-01-11 07:00:00,20.76389389567274,67.85886132104497,2.6005798279364196,1,ON
2024-01-26 04:00:00,16.8268698064474,65.0820673643795,0.5532740202853399,0,OFF
2024-01-12 02:00:00,16.336619377587763,73.01206244245411,1.0017721103608195,0,OFF
2024-01-29 13:00:00,29.15340347065732,42.485919351166714,2.773559557587605,0,ON
2024-01-03 18:00:00,19.855979756839332,64.38564113748552,2.8481937237283574,0,ON
2024-01-04 06:00:00,20.183521553071003,59.8663095510458,1.9879065878353974,0,OFF
2024-01-04 00:00:00,15.0,68.85789418597686,0.5849533038191586,1,OFF
2024-01-13 03:00:00,15.0,68.487998023462,0.6952049611645408,0,OFF
2024-01-23 13:00:00,25.46799290099731,52.17803760556609,1.8101909176055346,0,OFF
2024-01-11 20:00:00,15.0,71.42900079325416,2.6753150496367795,0,ON
2024-01-09 18:00:00,21.141781021386333,55.51133083445451,2.7898165866067877,0,ON
2024-01-15 14:00:00,27.55001836147152,48.4403695633968,1.5624137651771277,0,OFF
2024-01-19 16:00:00,22.972266165326612,58.515372460336515,2.263080326464542,1,OFF
2024-01-03 17:00:00,24.783032417961817,58.22935500083039,2.2733859753363626,0,ON
2024-01-03 06:00:00,22.0619990449919,60.01605124359813,3.2710549762839376,0,ON
2024-01-28 22:00:00,15.563967154719752,68.95390998261595,2.2279429989429036,1,ON
2024-01-04 09:00:00,26.371079392515874,47.86315727013932,2.791048851734308,1,ON
2024-01-16 15:00:00,24.12215912371628,53.41317841388266,2.0544038872923562,1,ON
2024-01-15 10:00:00,24.03203454728086,47.478540800474185,2.3453954614750683,1,ON
2024-01-23 11:00:00,26.57362287126625,49.8607203048121,2.7035261435622675,1,ON
2024-01-07 14:00:00,24.545596235870214,53.09949116583092,2.510396853837704,0,ON
2024-01-20 12:00:00,26.938997704778945,52.34176393795434,1.9030374968004722,1,OFF
2024-01-23 11:00:00,26.57362287126625,49.8607203048121,2.7035261435622675,1,ON
2024-01-07 04:00:00,17.043883131233795,67.72689666651345,0.5517229338053842,0,OFF
2024-01-20 13:00:00,26.575770129023187,45.294622532147045,2.5714715473818535,1,ON
2024-01-22 09:00:00,23.841726925409183,67.13595630015782,2.17311683067559,0,ON
2024-01-11 04:00:00,15.0,67.05132152856386,0.4462880626520593,0,ON
2024-01-18 12:00:00,32.121495849763974,40.32993870855408,2.432845629264726,0,OFF
2024-01-14 17:00:00,23.32724337934873,61.90959170171416,2.775742688020234,0,ON
2024-01-01 10:00:00,26.00136784465058,51.97717450851254,2.654416506299482,0,OFF
2024-01-05 13:00:00,27.57851477878021,47.22330478752715,3.1134666119421537,0,ON
2024-01-16 17:00:00,22.437236372296873,46.35314201889415,2.14042334037879,0,ON
2024-01-22 22:00:00,15.0,67.67041734129613,2.401330789846337,0,ON
2024-01-29 06:00:00,21.87135678629492,63.19503436027975,1.2188331706023448,0,OFF
2024-01-23 16:00:00,19.05671099974542,62.26173762056226,2.9765625226880434,1,ON
2024-01-09 19:00:00,20.20057891954103,69.1049169678914,2.662898158291083,0,ON
2024-01-23 17:00:00,20.476761849879217,52.21628474065627,2.7565427100486466,0,ON
2024-01-14 12:00:00,25.987965237000594,50.15491564479501,2.376968755935026,0,ON
2024-01-22 12:00:00,29.001834375248762,54.88575250750906,1.4321628930106522,0,ON
2024-01-14 21:00:00,15.0,68.80336882911953,2.5973037276186215,0,ON
2024-01-28 05:00:00,15.716395821696494,58.357599278071554,0.45835006466576933,0,OFF
2024-01-18 15:00:00,27.59999615140109,49.227888040256076,1.6257340133809097,0,OFF
2024-01-16 00:00:00,15.0,65.7567393279607,,0,OFF
2024-01-13 11:00:00,28.98666429415977,48.640833290769926,3.3553066862909624,0,ON
2024-01-10 15:00:00,26.08977142865633,52.62561983958699,2.3165877940926562,1,ON
2024-01-29 22:00:00,15.0,64.28240884809928,2.322979644529488,1,ON
2024-01-11 10:00:00,24.406435321605418,54.03086909214582,2.7933469007376375,1,ON
2024-01-09 21:00:00,15.64592825311922,55.53707783722076,2.3234168535946558,0,ON
2024-01-27 06:00:00,16.61507074057036,59.22682875884766,2.9826987422955855,0,ON
2024-01-13 18:00:00,22.55532979157685,56.35702270347573,2.9875988148912147,1,ON
2024-01-29 01:00:00,15.0,68.18267665541369,0.49934376326555824,1,OFF
2024-01-26 09:00:00,28.648942872470744,50.026229341274906,2.5775953419294897,1,ON
2024-01-05 01:00:00,15.0,71.94815397811719,0.6401897481014266,0,OFF
2024-01-17 12:00:00,24.573730941818244,65.156481513464,1.928136896339669,0,OFF
2024-01-24 20:00:00,16.653854747528328,64.98886332100804,2.115428825106351,0,ON
2024-01-10 23:00:00,15.0,69.73854280008658,0.6705139061845855,0,OFF
2024-01-29 02:00:00,15.0,65.67339224343945,1.0222473036260378,0,OFF
2024-01-20 11:00:00,29.242422030407155,45.01320120440414,1.9366162655450974,0,ON
2024-01-03 15:00:00,23.264441001331036,58.156267224422564,2.498312771294524,0,ON
2024-01-27 03:00:00,15.0,72.17159955619637,0.7597162513441088,0,OFF
2024-01-04 05:00:00,17.3314329382481,67.41035407949097,0.9892435053664332,0,OFF
2024-01-03 01:00:00,15.0,76.56224278998465,1.1787752310281547,0,OFF
2024-01-15 15:00:00,28.607566683391482,49.47385411102839,2.5575130395737085,1,OFF
2024-01-05 22:00:00,15.357442398754534,71.88544839425111,3.2463442844797608,0,ON
2024-01-25 09:00:00,26.153295422093052,46.277716957905234,2.5919247723768475,0,ON
2024-01-05 05:00:00,17.088156993649115,71.41450171045422,1.331675479000923,0,OFF
2024-01-11 08:00:00,27.530908480562193,48.50284752593499,2.641643935773071,1,OFF
2024-01-26 05:00:00,21.683039264295967,47.59810827178669,1.1363092001973414,0,OFF
2024-01-01 23:00:00,15.0,67.63045525105417,0.5448438637372099,0,OFF
2024-01-12 01:00:00,15.0,61.70817655403729,0.7276227036144374,0,OFF
2024-01-09 03:00:00,15.113780509965293,68.72443686390375,0.678905461027401,0,OFF
2024-01-04 14:00:00,28.75900746567966,47.97215765964908,3.4422931529673044,1,ON
2024-01-14 16:00:00,25.24823963410431,59.51034229747302,2.561602403392243,0,ON
2024-01-09 23:00:00,15.0,64.98972887823695,0.7113795769582912,0,ON
2024-01-15 02:00:00,15.0,70.21800077297216,0.6712093326448221,0,ON
2024-01-26 17:00:00,23.52208560861755,53.20452315463303,2.9371945903563637,1,ON
2024-01-14 19:00:00,16.134938896208173,67.77660932287479,3.3475255202153766,1,ON
2024-01-15 19:00:00,15.924388909904216,63.644633719337115,2.1240153341305903,0,ON
2024-01-22 13:00:00,25.772296120715442,48.57361461038686,4.068874266829997,1,ON
2024-01-07 21:00:00,15.16870760438062,76.48047522210923,2.0233356958706437,1,ON
2024-01-02 06:00:00,18.796586775541208,57.18895360613367,3.0983157433228254,1,OFF
2024-01-26 08:00:00,20.442559502191443,53.2876870325073,2.336052641743541,1,ON
2024-01-30 02:00:00,15.0,75.14234213206265,0.4282678773038298,0,OFF
2024-01-18 21:00:00,15.0,63.26519325840836,2.2945928560227076,1,OFF
2024-01-02 22:00:00,15.0,67.32505754751519,1.7908171335334842,0,OFF
2024-01-20 08:00:00,23.775343900618342,49.3888434662208,2.4463489279978856,1,OFF
2024-01-25 22:00:00,15.0,64.45243898920359,2.4872128439040027,0,OFF
2024-01-16 11:00:00,28.723403192803445,46.72878402824563,2.5733965059927746,1,ON
2024-01-10 18:00:00,24.28788817865065,53.15741184006118,3.307687844734721,0,ON
2024-01-27 16:00:00,23.328430601419743,54.93080485200541,2.500263979428299,1,OFF
2024-01-28 17:00:00,22.283412816203963,58.07134367772652,3.3213364766279816,1,ON
2024-01-14 11:00:00,31.912181161683467,41.939185909971265,1.6990170940514158,0,OFF
2024-01-16 03:00:00,15.146569194705503,77.66388612574595,0.3458856822161519,0,ON
2024-01-04 12:00:00,26.383012794213624,48.25299967151799,2.3138966119644735,0,OFF
2024-01-04 07:00:00,18.09541453161838,63.00565890005116,3.427046283167094,0,ON
2024-01-26 03:00:00,17.05442146811752,66.85087601695473,0.8457064616101166,0,OFF
2024-01-14 22:00:00,15.022036236559995,64.71541987593291,2.128764707150976,0,ON
2024-01-29 13:00:00,29.15340347065732,42.485919351166714,2.773559557587605,0,ON
2024-01-08 13:00:00,26.01309149747998,49.01366869214323,1.7808610108413165,0,OFF
2024-01-02 07:00:00,25.775108729838042,44.57891387716127,2.195108547840309,1,OFF
2024-01-16 07:00:00,22.095737162383756,58.05034005155694,2.754362511614967,1,ON
2024-01-29 11:00:00,28.70615573276838,50.535532954172766,2.368554585395866,0,ON
2024-01-28 20:00:00,15.0,67.66002074532884,2.3356907621255076,0,ON
2024-01-18 14:00:00,26.430274933317364,49.60430966486132,2.8967443602761067,0,ON
2024-01-19 17:00:00,19.952125317042267,64.33888981833813,2.4927738645608604,0,ON
2024-01-15 00:00:00,15.0,67.37222964504278,0.6164692727284145,0,OFF
2024-01-03 07:00:00,23.933112599052563,46.249207501968876,3.5030464440795615,0,ON
2024-01-23 04:00:00,15.867840402705367,56.22956118308468,0.9967702329589283,0,OFF
2024-01-12 17:00:00,23.394813709862262,59.53094784977045,2.3702266612080414,0,ON
2024-01-15 21:00:00,15.0,65.35942419517043,2.1019870715982556,0,ON
2024-01-06 00:00:00,15.0,67.25268145173783,0.7935898116954692,0,OFF
2024-01-09 07:00:00,19.78461176515892,61.29353231675316,1.9662335428728634,1,OFF
2024-01-17 14:00:00,26.699123539770273,50.95680992391942,2.4833850046777695,1,ON
2024-01-04 04:00:00,16.17409413647634,65.54108302600223,1.2540349229726393,0,ON
2024-01-01 02:00:00,15.0,60.75907288947143,0.8543064676111122,0,OFF
2024-01-19 21:00:00,15.351238781543312,66.66017618818742,2.4451950980370847,1,OFF
2024-01-06 13:00:00,28.674591471582907,52.9331954481634,1.8217090976882975,1,OFF
2024-01-12 22:00:00,15.0,71.97596610013866,2.232018277442976,0,ON
2024-01-16 18:00:00,24.379605866435345,58.012229573859386,2.394434880586153,0,ON
2024-01-03 12:00:00,27.04165152430942,50.32602771820214,2.889180538083319,0,OFF
2024-01-30 16:00:00,22.9101618263821,59.93712470222558,2.510443244147981,0,ON
2024-01-26 07:00:00,19.581242954197332,59.90769779009592,2.495349839430693,0,ON
2024-01-30 18:00:00,,59.277295538342486,1.86991761741371,1,OFF
2024-01-18 08:00:00,27.102303951045045,55.29389651805563,3.1962326500321643,1,OFF
2024-01-27 12:00:00,29.64634116792383,42.79926600685184,2.807885574885571,1,ON
2024-01-13 23:00:00,,,1.0033625958592722,1,OFF
2024-01-04 18:00:00,20.19415509869608,58.77440913114909,2.5704431234556018,0,ON
2024-01-15 04:00:00,15.0,71.35849355324173,0.3781047608984499,0,OFF
2024-01-28 14:00:00,26.862696689843514,60.49249603156225,2.0651684593626527,1,ON
2024-01-03 21:00:00,15.0,59.19519533242004,3.238765040527631,0,ON
2024-01-21 06:00:00,18.706854231514946,58.429760213693804,1.2348562386268351,0,OFF
2024-01-06 11:00:00,27.8645325599246,45.425815564311826,1.8728552884153753,1,OFF
2024-01-02 20:00:00,15.0,73.24636663142837,2.612342362875943,0,ON
2024-01-03 22:00:00,15.0,69.64809109566293,1.9291554429332476,0,ON
2024-01-09 04:00:00,15.0,70.5394825485827,0.5134632261951941,0,ON
2024-01-24 23:00:00,15.0,67.00555173404429,0.741852158368159,1,ON
2024-01-24 15:00:00,23.64068162765757,57.078934193076364,2.0914556844659047,1,OFF
2024-01-06 15:00:00,28.75672305952746,44.01118394196143,2.482179258851258,0,ON
2024-01-20 17:00:00,24.80430089570922,54.39245832714886,2.7504222374722285,0,ON
2024-01-11 14:00:00,23.889463298367485,51.934887886374874,2.563189789773206,0,ON
2024-01-22 21:00:00,15.0,61.380298666188715,2.544790340627624,1,ON
2024-01-07 20:00:00,17.926752258488648,66.51932906039859,2.258628238908984,1,ON
2024-01-29 16:00:00,25.421919936406983,50.253720901178845,2.857690657720622,0,ON
2024-01-06 16:00:00,22.433493415327526,52.18798201148756,1.6924340920472454,1,ON
2024-01-24 17:00:00,21.36752539273755,47.18425894613126,2.968785068813279,0,OFF
2024-01-01 06:00:00,23.158425631014783,55.35453121880479,2.2356916591251217,0,ON
2024-01-14 14:00:00,29.244424977275646,49.394976926153625,3.585471358748907,1,ON
2024-01-04 01:00:00,15.401880701315466,60.51343606892526,0.2400390148780821,0,ON
2024-01-26 06:00:00,18.452421601792853,57.624690628216946,2.5001035324590983,0,ON
2024-01-18 03:00:00,15.0,69.60960377117642,1.3325932677828536,1,OFF
2024-01-07 01:00:00,15.0,65.56149220032007,1.0079316821789432,0,ON
2024-01-25 05:00:00,17.09887181137823,69.31190403061527,0.8832130813874576,0,OFF
2024-01-22 15:00:00,27.159628496235957,57.40254037128875,2.6116194570645797,1,OFF
2024-01-06 12:00:00,25.87539257254779,47.999975504645725,2.6467789660833145,0,ON
2024-01-20 22:00:00,19.22955838663497,62.275233090370854,2.415928090707605,1,ON
2024-01-16 08:00:00,24.195352197097662,52.41176097524999,1.7094046489839334,1,OFF
2024-01-29 23:00:00,15.0,72.13920064040619,0.6279194681309298,0,ON
2024-01-02 17:00:00,22.41328892320011,56.99011568842664,2.3135834239541166,1,ON
2024-01-05 12:00:00,28.51510078144553,45.12641474235242,2.883040139192345,1,OFF
2024-01-13 04:00:00,15.0,77.87630436312632,0.7941741182336802,1,OFF
2024-01-03 08:00:00,22.321564953554724,52.88196669054357,3.5307517883181987,0,ON
2024-01-22 17:00:00,23.15727274558004,54.24618908111813,2.6427770374288286,0,ON
2024-01-09 20:00:00,,,2.597192150788668,1,OFF
2024-01-15 06:00:00,20.489933142217446,65.00892878853435,1.7476398129844988,0,ON
2024-01-23 15:00:00,28.53999149080818,42.58664479839089,2.9311967361913793,1,ON
2024-01-02 00:00:00,15.0,70.08829510234561,0.6258429650585833,1,ON
2024-01-18 01:00:00,15.0,69.1438120515174,0.9281583085615055,0,OFF
2024-01-09 12:00:00,25.244661264085817,58.10824124849549,1.9688032359265601,0,ON
2024-01-13 02:00:00,15.0,74.08697032817163,0.7329602052884444,0,ON
2024-01-14 07:00:00,21.810266252084798,62.52009213493358,3.157457226792024,1,ON
2024-01-28 04:00:00,15.462222618890339,59.94716035700771,0.9866621432130206,0,ON
2024-01-05 14:00:00,23.090660799677426,48.64175624531247,2.4499229617600236,1,ON
2024-01-04 10:00:00,29.88399131975854,45.65461690506711,2.386757950575084,0,ON
2024-01-03 03:00:00,15.0,64.68766612052866,1.5674597857004757,0,OFF
2024-01-17 20:00:00,15.099869057041516,75.51735407594322,2.5799281959987,0,ON
2024-01-25 12:00:00,29.66067163308849,50.93847037952516,2.604829707637313,0,ON
2024-01-29 00:00:00,15.0,77.56693623763312,0.8122757526187164,0,OFF
2024-01-27 17:00:00,25.408595411398956,54.783564380907,2.8006033744645573,0,ON
2024-01-28 19:00:00,,66.40140555911644,2.8191959628041916,1,ON
2024-01-13 14:00:00,28.422790440522036,47.24404137791203,2.5350260815565906,1,ON
2024-01-06 19:00:00,15.467719006311924,69.96308057930968,2.0948737814928093,0,ON
2024-01-19 08:00:00,24.768130897878613,40.350775078814216,2.9824258165487287,1,ON
2024-01-10 02:00:00,,68.719003568856,,0,OFF
2024-01-01 18:00:00,18.183951848957577,71.05144444887652,3.144876377041373,1,ON
2024-01-23 06:00:00,18.69632778439568,68.09385328577294,2.4906456217770514,0,ON
2024-01-19 11:00:00,27.549166531286968,40.44925646828509,2.203767870423553,0,ON
2024-01-13 06:00:00,20.714030971930093,67.6087725579311,2.899970950971025,0,ON
2024-01-21 05:00:00,15.084940219984485,67.57554812604269,0.524184622524073,0,OFF
2024-01-04 11:00:00,26.69086617376525,47.65232429582691,2.02028038163826,1,ON
2024-01-03 13:00:00,27.356088656984912,42.289145220972124,2.224407141835733,1,ON
2024-01-09 16:00:00,25.030095372612095,60.28247708725356,3.0936930257823754,0,ON
2024-01-18 20:00:00,18.116848973699177,70.79725185557609,1.9545167848924008,1,OFF
2024-01-02 05:00:00,17.34606013959328,56.947604306368966,0.9333808004660422,0,ON
2024-01-10 19:00:00,19.197285683815856,66.79055063221686,2.3388397653943303,1,ON
2024-01-19 07:00:00,21.959456963026927,55.4366576379165,2.0970649667519057,0,ON
2024-01-23 02:00:00,15.0,69.15440116107229,0.9780670166842587,0,OFF
2024-01-25 15:00:00,24.701539355962147,57.036522462058215,2.0132269001477656,0,ON
2024-01-08 14:00:00,24.786418234153285,52.96409676344416,2.9596144672876017,0,ON
2024-01-21 13:00:00,26.004838207656018,55.46736457323818,2.447025822847932,0,ON
2024-01-18 00:00:00,15.0,67.17930826703504,1.0908371601580211,0,ON
2024-01-27 08:00:00,23.683984202842023,57.181337336760905,2.5443287954807188,1,ON
2024-01-15 20:00:00,15.962973728015223,58.27262991467841,2.340473032166691,0,OFF
2024-01-20 06:00:00,18.60054898401483,66.69075955398932,3.0865623187933204,0,ON
2024-01-10 04:00:00,20.629317133347016,52.654502306625005,1.1951345202019596,0,OFF
2024-01-19 02:00:00,16.076510873916547,74.09530948980704,1.1930926238358825,0,OFF
2024-01-09 17:00:00,29.77601534212961,45.007225681440644,3.794781821009307,0,ON
2024-01-24 16:00:00,20.25841615794829,54.0955427322082,2.8296228342162024,1,ON
2024-01-18 04:00:00,15.0,75.56855634529323,0.44190895047305606,0,OFF
2024-01-08 08:00:00,24.026003783755815,53.125403922782006,2.649376454182843,0,ON
2024-01-23 20:00:00,16.74229174674262,61.20891266693724,2.1792592023885238,0,ON
2024-01-12 00:00:00,15.0,67.48198730454716,0.9229455970785538,0,ON
2024-01-23 08:00:00,22.279173269432096,64.94410203004037,3.0620563599930066,0,ON
2024-01-11 19:00:00,19.478715746038507,64.58399966166373,2.589790890969799,0,OFF
2024-01-06 17:00:00,21.42642932840882,60.21743378931879,3.0823696772285856,1,ON
2024-01-10 11:00:00,25.571917054453934,48.182584068912874,2.2476125393858912,0,ON
2024-01-29 15:00:00,24.907212634393186,60.14584930818766,3.057160847334436,0,ON
2024-01-28 01:00:00,15.0,63.075986429865495,1.2357402603412235,0,OFF
2024-01-07 19:00:00,16.288083002476412,70.78867988163074,2.1004039966748733,1,ON
2024-01-25 07:00:00,26.611938076428956,,1.845589800440444,0,ON
2024-01-27 20:00:00,15.508513871828114,72.72008670058028,2.224731575254208,1,ON
2024-01-21 14:00:00,29.974451384814824,43.56357453131763,3.8221716735085174,0,ON
2024-01-17 10:00:00,29.28708347171808,46.82146931814076,2.193781312679781,1,OFF
2024-01-14 02:00:00,15.68275438403315,64.0599361124534,0.9533607798574942,0,OFF
2024-01-20 21:00:00,15.0,70.26244977208574,2.189576200874442,1,ON
2024-01-26 15:00:00,25.915296613442834,49.441625224245556,2.090371070139251,1,ON
2024-01-05 08:00:00,23.67742857666798,52.256344527994166,2.19889396981911,0,ON
2024-01-05 18:00:00,19.615278070437753,60.40365845740946,2.3867605540492365,0,ON
2024-01-28 11:00:00,27.43868578646466,57.97201988803769,2.908944829012514,0,ON
2024-01-29 20:00:00,15.0,69.77943886040804,2.83643061798341,0,OFF
2024-01-28 10:00:00,27.324372751811218,45.98536317359885,1.723120616991968,0,OFF
2024-01-13 08:00:00,25.799199750866503,48.04411035562801,1.9731587904268229,1,OFF
2024-01-04 20:00:00,15.0,74.73488942176867,2.6615838570923906,0,ON
2024-01-01 07:00:00,23.605421819125983,56.32977579811938,2.7931820093775466,1,ON
2024-01-04 17:00:00,23.09708722704688,50.88133264833216,1.9401912833554944,0,OFF
2024-01-24 05:00:00,17.06433126354059,66.37009230166096,0.5354376046316847,0,OFF
2024-01-16 02:00:00,15.0,65.89182474391309,0.5874779699268612,0,OFF
2024-01-18 23:00:00,15.0,56.73304943198143,0.7355236909133794,0,OFF
2024-01-29 08:00:00,25.44334412808647,46.6004288944606,3.706307710806458,0,ON
2024-01-25 17:00:00,22.737876571394064,58.68223667466822,2.7527350795833136,0,OFF
2024-01-23 22:00:00,15.0,72.95655060297135,2.900204762613841,0,OFF
2024-01-18 16:00:00,25.290751899170296,51.19851302982521,3.1521701214390765,0,ON
2024-01-30 15:00:00,25.463428025751593,55.883544024069096,3.330735082864009,0,OFF
2024-01-01 11:00:00,26.795947103172033,44.9142154571668,3.351107472317619,0,ON
2024-01-06 20:00:00,16.45491986920826,66.3322353004441,2.6002845986154712,0,OFF
2024-01-02 04:00:00,15.0,64.44241098504025,0.4412350813894447,0,OFF
2024-01-02 19:00:00,17.327240248001257,63.52884012937486,2.300181907192699,0,ON
2024-01-02 18:00:00,19.768703435223518,73.14736753850869,3.3634819256167026,0,OFF
2024-01-07 23:00:00,16.06617935499535,64.10427051357168,1.2874035375408681,0,OFF
2024-01-27 18:00:00,19.48081729727279,61.376675896161586,1.778072591933229,1,OFF
2024-01-15 08:00:00,23.057923388763353,53.60091020983931,2.5412198764672516,0,ON
2024-01-08 10:00:00,26.398889563799596,56.43421048684239,2.2868212018972285,1,ON
2024-01-20 01:00:00,15.0,67.00830186602624,1.279594151151415,0,ON
2024-01-30 05:00:00,20.02746609085361,65.3213375502686,0.8152663105568054,0,ON
2024-01-08 09:00:00,28.563922403807013,47.887684826456095,2.124104474952408,1,ON
2024-01-21 20:00:00,17.852355095063288,57.283475262257504,2.654025269752051,0,ON
2024-01-22 07:00:00,21.970076141921894,50.19587088922177,3.130960750356996,1,ON
2024-01-11 17:00:00,20.65521342958261,46.8977832224813,2.1611275147375744,0,ON
2024-01-17 04:00:00,17.900847676372102,60.02988368196282,0.7704235603147215,0,OFF
2024-01-01 15:00:00,24.532279191010435,55.56456862554956,1.619618620422091,1,OFF
2024-01-19 00:00:00,15.0,64.3051912615525,0.7075897147442777,0,OFF
2024-01-11 16:00:00,26.533822298373245,47.93773495619475,1.9998343376972127,1,OFF
2024-01-30 01:00:00,15.0,68.84296139431629,1.2647060454485564,0,OFF
2024-01-14 15:00:00,27.24017963741825,41.257769758951376,2.4120570937838317,1,ON
2024-01-17 11:00:00,26.789055306103137,51.64122205317642,2.680751762603051,0,ON
2024-01-21 00:00:00,15.0,68.12612251323954,0.2062100568872638,0,OFF
2024-01-15 13:00:00,27.30051230688885,50.7817509483203,3.170225223011572,0,ON
2024-01-19 13:00:00,29.06675170797262,58.59863446973743,2.6400805794098035,0,ON
2024-01-24 00:00:00,15.0,62.038436176637106,1.156674011442393,0,ON
2024-01-01 09:00:00,26.74197433666431,45.99551486799197,2.510635788368031,1,OFF
2024-01-11 09:00:00,26.46681767141429,43.145897982288325,2.370547513147961,0,ON
2024-01-01 22:00:00,15.0,64.3759071115216,2.3954883713569872,0,ON
2024-01-10 05:00:00,15.0,71.86228664140073,0.7645794419026765,0,OFF
2024-01-21 07:00:00,19.907456353591375,56.824310881858196,2.3569978890599446,1,ON
2024-01-30 22:00:00,15.0,69.95487475819125,3.1408218975018842,1,ON
2024-01-16 22:00:00,15.0,77.94187352390364,2.387572009095961,0,ON
2024-01-26 13:00:00,25.476428515715792,59.23898791067607,2.3481369856116676,0,ON
2024-01-09 11:00:00,29.835010714382353,41.746879853730604,2.726185898124867,0,ON
2024-01-19 19:00:00,19.83973228018231,61.64635869957342,2.503211134905469,0,ON
2024-01-04 21:00:00,15.0,68.48277388255788,2.426198706850666,1,ON
2024-01-14 23:00:00,15.0,64.14188316030975,0.4039932466337883,0,OFF
2024-01-13 12:00:00,26.342009978155854,53.10116247294372,2.4477753907312643,0,ON
2024-01-18 18:00:00,18.07015307883979,57.41339494726431,3.0162731021708287,1,ON
2024-01-12 20:00:00,20.266066749312536,63.092016444099144,,1,OFF
2024-01-08 16:00:00,23.5530744293483,55.62588369607707,3.4366488881087727,0,ON
2024-01-27 10:00:00,24.903994479755173,49.76145627673364,2.191174052282825,1,ON
2024-01-14 20:00:00,16.151609116387455,68.24273725683251,2.188675319132774,1,ON
2024-01-07 09:00:00,26.121361643814385,47.16330733456883,2.9519674205430975,1,ON
2024-01-04 03:00:00,15.986950759258068,71.28533812777742,0.763475747485015,0,OFF
2024-01-16 20:00:00,15.0,72.49005054929826,2.4343715164538478,0,OFF
2024-01-12 13:00:00,26.526972855994956,53.41375502234261,2.5952498398895334,1,ON
2024-01-03 20:00:00,16.72327205009527,64.56426336756385,2.5442034431459235,0,ON
2024-01-18 22:00:00,15.0,62.54303825271846,1.9471476657570321,0,ON
2024-01-08 20:00:00,15.0,70.72742090570537,2.5339277552637016,0,ON
2024-01-12 07:00:00,19.198828058461288,50.99308357018661,2.439809418023201,0,ON
2024-01-10 20:00:00,15.0,69.21362673188852,3.108579260412748,0,ON
2024-01-04 16:00:00,22.940479592465923,61.86806123916872,2.255575289106863,1,ON
2024-01-26 22:00:00,16.83584576267456,66.9309222047199,2.695232424964445,1,OFF
2024-01-05 21:00:00,15.0,62.50822979630605,2.0984105246598275,0,OFF
2024-01-06 05:00:00,22.31035889079979,58.99671798384106,0.715601732864536,0,ON
2024-01-26 02:00:00,15.0,67.14750610970454,0.6427734806196224,0,OFF
2024-01-13 01:00:00,15.0,64.82382394219717,1.3514551030385369,0,ON
2024-01-10 22:00:00,15.0,70.34883640116102,2.9991554490739802,0,OFF
2024-01-01 00:00:00,15.0,69.0390088444603,0.9988643806002239,0,OFF
2024-01-08 04:00:00,15.845796581171792,71.56467857618809,1.0649329331441477,0,ON
2024-01-19 15:00:00,23.77709467683767,57.15390358500529,2.7120305222320447,1,OFF
2024-01-27 15:00:00,23.066696705365146,56.31675454084806,2.274905367574294,0,ON
2024-01-17 06:00:00,18.203170657303286,61.74183201022834,2.8541072116282784,0,ON
2024-01-12 14:00:00,27.06780740025555,46.54239395070269,2.85472590856952,1,ON
2024-01-24 19:00:00,21.2823222637304,70.54151419156835,2.1186376107168927,1,ON
2024-01-05 20:00:00,15.930576460589517,73.85663777318611,2.9567923131166247,0,ON
2024-01-10 12:00:00,26.569392581480063,49.91798104600242,2.9203100132522763,1,ON
2024-01-15 16:00:00,25.71531924640404,51.81113058569522,2.41993360221668,1,OFF
2024-01-19 04:00:00,19.257231091142582,57.67340163739751,0.6313495920265094,0,OFF
2024-01-12 10:00:00,24.965185928179604,47.54412105825602,2.232335907023039,1,OFF
2024-01-14 06:00:00,20.648332704976884,60.14976003533453,3.3061391289943227,0,OFF
2024-01-27 11:00:00,24.417693266581008,40.41824863940394,2.3419635719864753,0,ON
2024-01-07 00:00:00,15.0,64.43605654757806,0.9286449500991719,0,OFF
2024-01-19 01:00:00,15.0,60.884551032962506,1.033898159680802,0,OFF
2024-01-18 17:00:00,24.807815475884865,52.866172024080036,1.6687540059821628,1,OFF
2024-01-30 21:00:00,15.0,75.53672788009996,2.341142451621883,0,ON
2024-01-23 07:00:00,22.165349703452993,50.70377035136448,2.305740773455557,1,OFF
2024-01-12 04:00:00,15.119911026606033,66.21531259094263,0.7602098760852279,0,ON
2024-01-22 14:00:00,27.12686784113396,52.154613634225434,3.0280284045330257,0,OFF
2024-01-13 19:00:00,16.746304861508175,65.48069934132904,2.7505470849699227,1,ON
2024-01-13 22:00:00,15.0,66.21311731288327,1.1483838535003814,0,OFF
2024-01-02 22:00:00,15.0,67.32505754751519,1.7908171335334842,0,OFF
2024-01-11 21:00:00,15.0,69.62728780892482,,1,ON
2024-01-09 03:00:00,15.113780509965293,68.72443686390375,0.678905461027401,0,OFF
2024-01-13 23:00:00,,,1.0033625958592722,1,OFF
2024-01-16 13:00:00,29.64594826248296,45.790807035312056,2.948419657932766,1,ON
2024-01-05 11:00:00,28.076562235976223,45.270856510269326,2.650895949909733,0,OFF
2024-01-03 11:00:00,29.678496864557264,48.585615190917494,2.7962634746005914,0,ON
2024-01-23 21:00:00,15.0,73.68046587605218,2.7159612723369704,1,ON
2024-01-16 09:00:00,24.110834681781448,52.85199873190294,2.947519157038058,0,ON
2024-01-05 04:00:00,15.0,64.91355774949814,0.7917455284848092,0,OFF
2024-01-30 10:00:00,24.36734452528294,63.7300188617772,1.6995480107617422,0,OFF
2024-01-28 08:00:00,24.027858583825893,50.61284843096158,2.835240308620606,0,ON
2024-01-23 05:00:00,15.507415239654922,68.60915998975548,0.8584208584156325,0,ON
2024-01-16 21:00:00,15.0,53.018723109031555,2.538425941479384,1,ON
2024-01-08 11:00:00,33.16774494349178,36.163704229826145,3.0742228545983776,0,ON
2024-01-13 16:00:00,23.958196812071705,62.700420632396,2.036323432904713,1,ON
2024-01-16 01:00:00,15.33807121569261,65.24660465486893,0.7818017558556138,1,OFF
2024-01-17 15:00:00,28.132486873439305,53.0545416698791,2.39594157136373,1,ON
2024-01-30 09:00:00,26.868874152183658,39.8649058248445,3.244931719301041,0,OFF
2024-01-07 05:00:00,18.523416985646207,72.26589721536243,0.8258431649139125,0,ON
2024-01-06 04:00:00,17.17371418760054,65.07168975966447,1.02105316912773,0,OFF
2024-01-25 04:00:00,16.67699281498883,,0.8179797890798985,0,OFF
2024-01-27 13:00:00,27.874042544689352,50.14795620997871,3.101942218584408,1,ON
2024-01-08 17:00:00,23.498553349004354,54.98435271727421,3.0400240328573243,0,ON
2024-01-21 02:00:00,15.0,68.11148751516141,0.4781770922780581,0,ON
2024-01-19 14:00:00,27.661399722469206,55.42926450884879,2.095198240039177,0,ON
2024-01-26 10:00:00,28.236934542983622,55.29835234724305,2.9125491323338175,0,ON
2024-01-19 10:00:00,22.793319030195754,48.86215912088839,1.882825564060039,0,OFF
2024-01-17 09:00:00,29.319771781201087,48.49875176806139,2.643562082600912,1,OFF
2024-01-14 09:00:00,26.847168300366206,47.43482623510599,2.8710637455359462,0,ON
2024-01-15 17:00:00,21.750675300893317,50.95902592771718,2.8356700382252327,0,ON
2024-01-29 04:00:00,15.0,60.76436855235152,0.7314200253979944,0,ON
2024-01-06 22:00:00,15.0,75.23752600665031,1.9920890905108015,0,OFF
2024-01-06 21:00:00,16.95743125907248,56.985132536405125,3.0743186747143576,0,ON
2024-01-26 01:00:00,15.0,70.14846377178365,0.6772152685660688,0,OFF
2024-01-14 08:00:00,24.193991929985437,62.128650562311186,3.3199822646856965,1,ON
2024-01-01 19:00:00,15.10484023650925,72.41458997032677,2.8365906756349792,0,ON
2024-01-08 04:00:00,15.845796581171792,71.56467857618809,1.0649329331441477,0,ON
2024-01-25 20:00:00,15.46025012941326,61.48405649050324,2.6962079835893835,0,ON
2024-01-14 00:00:00,15.0,69.49611561302639,0.6037772950617729,1,OFF
2024-01-29 10:00:00,25.87916269771596,57.109776726741046,2.490369810132803,0,ON
2024-01-01 12:00:00,28.48392454313207,49.31537696387426,2.6203765897442843,0,ON
2024-01-13 17:00:00,22.305207127437733,58.72380765721356,2.6191844913673927,0,OFF
2024-01-15 18:00:00,19.96196758419462,65.03838272094377,2.6065983141188447,1,ON
2024-01-02 01:00:00,15.0,63.87128093423267,0.9765735213261829,0,OFF
2024-01-23 19:00:00,17.52335686709385,59.19542649203528,2.7580891435574793,0,ON
2024-01-08 01:00:00,15.0,73.04351790291454,0.7242939493621138,0,OFF
2024-01-02 14:00:00,24.27183113247865,49.30046440037596,2.05625391109895,0,OFF
2024-01-20 00:00:00,15.0,59.035215929023074,0.7223611811998694,0,OFF
2024-01-11 05:00:00,17.260445167497938,71.30991832600046,1.1563038165384691,0,OFF
2024-01-13 10:00:00,28.55392746795343,45.567372257098256,2.9751537959867878,0,ON
2024-01-27 05:00:00,20.11783067612173,58.69942697635398,1.0778646206724778,0,OFF
2024-01-12 08:00:00,26.32632750430992,49.27462183093213,1.413665226992982,1,OFF
2024-01-30 06:00:00,18.591312618914483,60.28826742391385,2.586670832185204,0,ON
2024-01-07 10:00:00,27.51434817687287,48.56284287032172,1.3185337822290808,1,OFF
2024-01-06 06:00:00,18.01892734973862,64.41745219493116,2.533495358612436,0,ON
2024-01-22 18:00:00,18.674752482108307,59.07946670709432,2.760561214189669,0,ON
2024-01-15 05:00:00,18.416822062163657,48.13205380360414,0.7750683282113916,1,OFF
2024-01-12 23:00:00,15.0,70.67585900840984,1.0424173394843437,0,OFF
2024-01-05 17:00:00,26.99703658579074,45.665457295793246,2.08655982298007,1,ON
2024-01-18 09:00:00,25.888203518078097,45.02965564719789,2.3749767427005235,0,ON
2024-01-08 05:00:00,18.61175158881312,67.92885056900869,0.7766488408961595,0,ON
2024-01-15 23:00:00,15.0,71.75110871056746,0.8063934946015827,0,ON
2024-01-17 21:00:00,15.588845615202622,60.88500461210262,1.9861624295370208,1,ON
2024-01-03 09:00:00,25.038429497789952,51.204762575557545,3.1041831152965713,0,ON
2024-01-21 19:00:00,15.163848177251161,77.9799733729902,2.548991576735448,1,ON
2024-01-10 06:00:00,21.372520380749027,61.19222531866976,1.4390725504957027,0,ON
2024-01-12 16:00:00,24.227034690502496,60.656225147176265,2.7565528990880415,0,ON
2024-01-01 17:00:00,22.699047026010717,60.864884380711494,2.6905791924413887,0,OFF
2024-01-09 02:00:00,15.0,67.02352233806523,0.6995674003680378,0,OFF
2024-01-14 10:00:00,25.291761863808564,57.45576137144363,2.537716819450796,1,ON
2024-01-11 15:00:00,24.68838610375988,43.51971718963253,3.4694644995291424,0,OFF
2024-01-20 14:00:00,26.378099835972222,50.959727776771466,3.366257499742546,1,ON
2024-01-30 07:00:00,19.253629768093045,56.9235070111654,2.6219765989542503,1,ON
2024-01-08 22:00:00,15.0,65.961108825235,2.7423664086472375,0,ON
2024-01-21 15:00:00,26.734674336861698,56.13669885807612,1.7485148358024234,0,OFF
2024-01-28 00:00:00,15.0,65.28358874404245,0.664025477293096,0,OFF
2024-01-21 10:00:00,26.91225794764227,43.41229690158017,1.8852252027737917,1,OFF
2024-01-04 22:00:00,15.0,72.65922269734317,2.266981749065879,1,ON
2024-01-08 12:00:00,29.251334695530012,47.966364501069485,2.5566352052688823,0,ON
2024-01-13 13:00:00,26.607044529918607,47.220933185429196,2.415589138404995,1,ON
2024-01-21 01:00:00,15.0,65.35297229437373,1.0243730768352601,0,OFF
2024-01-25 21:00:00,15.0,65.97387647822666,2.2455181871462506,1,ON
2024-01-22 08:00:00,23.52210390626718,54.275433898842955,2.0471338495686906,1,ON
2024-01-22 03:00:00,15.0,66.76498999185756,0.7912211558945066,0,OFF
2024-01-27 23:00:00,15.0,62.83366020463402,0.7556659043547586,0,ON
2024-01-21 03:00:00,15.0,70.21649014518194,0.871774059233345,0,ON
2024-01-01 05:00:00,17.461173725281473,62.88832273031439,0.6045929318624513,0,OFF
2024-01-30 23:00:00,15.0,71.17438893024908,0.9673073182175373,0,OFF
2024-01-02 21:00:00,15.0,63.98411787437056,2.966295415936545,0,ON
2024-01-19 18:00:00,19.874641805453656,63.98268024075334,2.7731421240018497,0,ON
2024-01-24 02:00:00,15.0,73.56548849989592,0.9054344622624749,0,OFF
2024-01-08 03:00:00,15.0,70.03637015553649,0.331042757391003,0,ON
2024-01-01 16:00:00,21.974337759331153,58.31864203257265,2.876670810552266,0,ON
2024-01-03 00:00:00,15.0,64.36516471106117,0.34230310562897165,0,OFF
2024-01-30 13:00:00,31.12031934689262,41.935454480216464,,1,OFF
2024-01-28 23:00:00,15.0,64.11142315123946,0.7511621281783117,0,OFF
2024-01-01 03:00:00,17.38920546332367,67.63251227512806,0.4109504156132461,0,ON
2024-01-25 08:00:00,24.36373251011699,56.13695045267654,0.9902439220895873,0,OFF
2024-01-20 09:00:00,25.214915050425933,56.88148336430218,2.723858462905139,0,ON
2024-01-14 04:00:00,17.363905942589927,57.8253127711034,0.7587654456116925,0,ON
2024-01-29 03:00:00,15.0,68.42340152932454,0.6460359300585244,0,ON
2024-01-12 19:00:00,15.453816641526135,63.58459114918293,2.807683742006527,0,OFF
2024-01-05 00:00:00,15.0,68.83525132934629,0.9540800319709151,0,ON
2024-01-12 21:00:00,15.0,69.46742692710875,3.042991058087516,0,OFF
2024-01-06 15:00:00,28.75672305952746,44.01118394196143,2.482179258851258,0,ON
2024-01-10 09:00:00,27.834755443427113,42.89744300322857,2.488565968850559,1,ON
2024-01-02 02:00:00,15.0,68.4338338223854,1.3009713513054217,0,OFF
2024-01-25 00:00:00,15.0,72.09538241493884,0.7206455476068168,0,OFF
2024-01-11 23:00:00,15.0,67.2614432192901,1.1329099525868669,1,OFF
2024-01-19 05:00:00,15.16924472275005,78.50831194259646,0.7372334378766418,0,ON
2024-01-03 02:00:00,15.0,71.03875967727738,0.634442556232266,1,ON
2024-01-16 04:00:00,17.380287983422225,65.83924528602442,0.2590580971232166,0,OFF
2024-01-10 13:00:00,29.086602108181896,47.58679408434061,2.7733667841006895,1,ON
2024-01-02 13:00:00,23.808066362552996,55.21208107464487,2.709766221953514,0,ON
2024-01-07 13:00:00,28.67507245213612,48.10633107999031,3.528747734855849,0,OFF
2024-01-10 21:00:00,15.0,69.78376609576893,3.2606580259612254,0,OFF
2024-01-30 08:00:00,20.886741652952193,53.44584155046655,2.3883988726825973,0,ON
2024-01-16 14:00:00,31.234568145298624,46.81134816812996,2.365734676047084,1,ON
2024-01-16 10:00:00,26.977223578793392,49.1761583347396,2.2584694741582805,0,OFF
2024-01-19 10:00:00,22.793319030195754,48.86215912088839,1.882825564060039,0,OFF
2024-01-08 07:00:00,23.724918858892213,57.65617114960989,4.09655378392243,0,OFF
2024-01-26 23:00:00,15.0,73.4532313739317,0.7690334741202511,0,ON
2024-01-06 07:00:00,20.937956901614623,70.86956534713254,2.75796960885205,0,ON
2024-01-23 14:00:00,27.987811586106076,50.71206258307273,2.1866413877050173,0,ON
2024-01-09 02:00:00,15.0,67.02352233806523,0.6995674003680378,0,OFF
2024-01-27 01:00:00,15.0,60.075510157750486,0.6251724027165254,0,OFF
2024-01-27 09:00:00,24.80309210959754,56.59113763711693,2.598657853702798,0,ON
2024-01-20 23:00:00,15.0,74.32070214986922,0.6583728266908618,0,ON
2024-01-21 21:00:00,18.161979031447885,64.3061350039633,2.3041757162891043,0,ON
2024-01-29 19:00:00,20.24810724590833,62.40898917814081,2.509808328846995,0,OFF
2024-01-30 12:00:00,23.836141184232556,53.139520105722305,2.4483726199254763,0,OFF
2024-01-26 11:00:00,27.616237268491634,54.66945335574913,2.06643489214455,1,ON
2024-01-27 07:00:00,25.129652999741392,43.29561831248782,3.118065360903109,1,ON
2024-01-03 19:00:00,19.93651343496388,62.39113024369637,2.9776526042852556,1,ON
2024-01-21 17:00:00,21.689875004652954,58.860158304139574,2.733846585882717,0,ON
2024-01-08 00:00:00,15.0,70.45327415346155,0.8969237819348088,0,ON
2024-01-19 12:00:00,25.391060998990294,57.02626066156276,2.4867971215205364,1,ON
2024-01-21 23:00:00,15.0,69.5689954872575,0.6970423173507769,0,OFF
2024-01-07 18:00:00,,,2.1770179104377325,1,ON
2024-01-13 21:00:00,15.0,62.386037174007974,3.0005230462835706,0,OFF
2024-01-09 01:00:00,15.0,75.38726639881737,,1,OFF
2024-01-25 19:00:00,16.90941484147034,58.07669657604369,3.8798300194555386,0,ON
2024-01-16 05:00:00,17.127006695408163,66.4596981928431,0.32475921709835315,0,OFF
2024-01-16 23:00:00,15.0,66.80205185922414,0.6049992257529622,0,ON
2024-01-30 19:00:00,20.13605140321288,61.20882264762218,2.1918192959802614,1,ON
2024-01-23 03:00:00,15.0,71.66764480804463,0.1,0,OFF
2024-01-07 08:00:00,22.63995055684302,49.14347802466283,2.7182799020788337,0,ON
2024-01-23 00:00:00,15.0,68.66892955895374,0.7415275158941957,0,OFF
2024-01-22 19:00:00,19.070644976366154,56.32024888198644,2.8226077929750284,0,OFF
2024-01-05 15:00:00,25.603826498593946,47.00100051968809,2.398163124911517,1,ON
2024-01-10 10:00:00,,41.78722924267665,2.0003488838525447,0,ON
2024-01-22 10:00:00,25.77466056913884,47.31963630644309,2.202169352978254,1,OFF
2024-01-25 10:00:00,26.00948143119502,51.12668364005311,3.400255590755427,1,OFF
2024-01-05 07:00:00,20.465997822376927,57.486810464236314,2.271451871706864,1,OFF
2024-01-18 13:00:00,31.238088295198956,50.021401623759665,2.9054041365798913,1,ON
2024-01-18 11:00:00,27.862443573132765,51.71219835185534,2.6301609193856104,0,OFF
2024-01-25 13:00:00,26.015238958494812,53.35063272665755,2.2541819071839764,0,ON
2024-01-25 14:00:00,,49.267861649202835,2.903561298318655,0,OFF
2024-01-04 02:00:00,15.0,62.09471729795869,0.7751957942471903,0,ON
2024-01-05 19:00:00,18.53254232384706,63.37226017691201,2.683682753408089,1,OFF
2024-01-17 23:00:00,15.0,63.72862074990321,0.5401475455356498,0,OFF
2024-01-30 11:00:00,31.236994974281274,37.628465709969674,2.085751487609877,1,ON
2024-01-05 23:00:00,15.0,66.43005577887246,0.7186629196872294,0,OFF
2024-01-03 05:00:00,19.15280021686157,66.1335719228413,0.8553653909591111,0,ON
2024-01-07 07:00:00,22.763448779814116,51.86334060758656,1.0393247582526963,1,OFF
2024-01-17 19:00:00,18.023408826709318,57.2498621962836,2.5464224505705575,0,ON
2024-01-29 18:00:00,19.27806766836184,67.72386920670253,2.719237869404864,1,ON
2024-01-09 15:00:00,26.684426151316796,51.85942014834741,2.9928649978399315,0,ON
2024-01-22 11:00:00,29.238189061964057,54.338300434274245,3.1872190465854087,0,OFF
2024-01-22 23:00:00,15.0,63.650133844706794,0.7546180149039465,0,ON
2024-01-26 18:00:00,20.962018463473427,56.61608821208372,2.6312806645009625,0,ON
2024-01-29 21:00:00,15.575016964396152,77.46248627791118,2.795907066870689,0,ON
2024-01-01 08:00:00,23.061051228130097,52.709624756258044,3.119141535716818,0,OFF
2024-01-26 16:00:00,24.218789589209784,50.60480229848063,2.2618895632276703,0,ON
2024-01-22 02:00:00,15.0,67.71905735989554,0.9131301181706559,0,ON
2024-01-25 18:00:00,22.0750798885158,56.93914326644321,3.03010495374944,0,ON
2024-01-02 12:00:00,28.41772719000951,49.83999871939018,2.4395259256961093,0,OFF
2024-01-19 20:00:00,15.0,68.02100551975938,2.2818070547367157,1,ON
2024-01-11 13:00:00,29.79233713141484,42.04837440636579,1.8270101598766257,0,ON
2024-01-13 15:00:00,26.87759478035931,60.39495962252036,3.0809391513040953,1,ON
2024-01-25 11:00:00,26.02771787138296,50.91282820970454,3.1194731764697186,1,ON
2024-01-23 01:00:00,15.0,59.72052176898186,1.1401310290601194,0,OFF
2024-01-23 09:00:00,24.88774316103273,54.76348030528113,2.973763231061429,0,ON
2024-01-11 22:00:00,15.0,62.665119284353935,2.817360734280885,0,ON
2024-01-13 09:00:00,26.2714532912456,48.17339089285999,1.9660985392104036,0,ON
2024-01-18 06:00:00,20.66462802395918,57.78227478760798,3.000291159021489,0,ON
2024-01-07 06:00:00,20.500985700691754,58.36378531149212,1.9639304940071964,0,OFF
2024-01-25 06:00:00,21.26556373221257,57.226855618204105,3.1803292979193256,0,OFF
2024-01-28 03:00:00,16.596275809603135,73.66412868630701,0.8901423078832486,0,OFF
2024-01-21 08:00:00,27.374283270145128,41.92554873578384,3.0504798174992853,1,ON
2024-01-07 03:00:00,15.0,69.17228394993512,0.6898916482750034,0,OFF
2024-01-07 02:00:00,15.0,68.92932695362452,0.8529324665831676,0,OFF
2024-01-23 10:00:00,28.940788848704386,43.06375744815138,2.1135611660881954,0,ON
2024-01-29 07:00:00,24.613662550808485,49.795034778930294,2.4044861186999156,0,ON
2024-01-23 23:00:00,15.0,70.54569060453588,1.0262873989440724,1,OFF
2024-01-15 12:00:00,26.563111557495127,47.81682665719785,2.65958725520959,1,ON
2024-01-20 07:00:00,22.49851218228861,48.3997287084512,2.684821096099047,0,ON
2024-01-14 13:00:00,25.299029384737082,56.46975561032774,2.078376702341904,0,ON
2024-01-08 18:00:00,20.94647524914709,51.78100642137977,2.2763390521706244,1,OFF
2024-01-06 03:00:00,15.0,,1.065213618908315,0,ON
2024-01-27 00:00:00,15.186373253278795,71.96821079728842,0.8796087048198886,0,OFF
2024-01-06 23:00:00,15.0,76.4793883654776,0.8185039549543915,0,OFF
2024-01-30 03:00:00,15.0,70.03917878144811,0.35974242027426806,0,OFF
2024-01-09 05:00:00,18.23689785107089,63.57769883917546,0.9270797196780384,0,ON
2024-01-12 15:00:00,24.88622705576886,55.5335733231275,2.2822568147150784,1,ON
2024-01-13 05:00:00,19.628651833221884,57.111083159719335,0.7090460651497175,0,OFF
2024-01-17 16:00:00,20.811144682411268,64.31091264117302,2.4357312442805346,0,ON
2024-01-06 02:00:00,15.87738539159669,60.57031180479348,0.1,0,ON
2024-01-08 15:00:00,26.62179907997875,56.45956069306837,2.165927957230503,1,OFF
2024-01-09 10:00:00,29.09430571662606,47.02338979579529,2.4601793043771423,1,ON
2024-01-19 06:00:00,16.59323512128969,70.01897475302343,1.658280903889525,0,OFF
2024-01-11 06:00:00,19.050109377678087,58.04287442318652,2.2676913513508037,0,ON
2024-01-18 07:00:00,20.57357928770706,63.9600669098812,2.1646898954616773,1,ON
2024-01-28 02:00:00,16.76970895961518,63.98070626096011,0.898023429380696,0,OFF
2024-01-06 09:00:00,24.64990294125998,50.37016081310094,2.2354736613268527,0,ON
2024-01-17 18:00:00,20.010487399436368,63.17792001099137,2.2256375461295193,0,ON
2024-01-25 02:00:00,,,0.990625409062768,0,OFF
2024-01-24 18:00:00,20.036836758379103,61.88763788508617,1.696220067815513,0,OFF
2024-01-10 03:00:00,15.0,64.67960684631636,1.1419635683387137,0,OFF
2024-01-28 18:00:00,19.49004556515829,67.27363809925654,2.0496896326760656,1,ON
2024-01-24 06:00:00,20.788904284756594,59.77688915531527,2.418466518028118,0,ON
2024-01-28 21:00:00,16.52615945435255,61.443671466740255,2.8015937155411716,0,ON
2024-01-28 16:00:00,22.574308434645673,59.849014208078025,1.905294053566336,0,ON
2024-01-17 02:00:00,15.0,70.56386952531285,0.4728802767671462,0,OFF
2024-01-30 14:00:00,27.350238164680746,50.511676242024386,2.4120727977839644,0,ON
2024-01-22 05:00:00,16.267547406357757,76.65129389842012,0.7845818829234542,0,OFF
2024-01-12 03:00:00,15.0,71.88681145287836,1.3699645804685647,0,OFF
2024-01-19 09:00:00,25.591464753304194,63.06751573299742,3.307791411774116,1,ON
2024-01-21 16:00:00,21.925507691347086,53.74428534176003,2.6268698307472866,0,ON
2024-01-05 16:00:00,24.120460419882054,48.79860553641658,2.0610087066217195,1,ON
2024-01-10 16:00:00,24.091143679807626,47.60558735933634,2.304120925478089,0,OFF
2024-01-27 14:00:00,24.348281430793403,46.083020009939254,2.4302768621595003,1,ON
2024-01-16 13:00:00,29.64594826248296,45.790807035312056,2.948419657932766,1,ON
2024-01-10 17:00:00,20.767351665608537,66.0677955219535,2.0387949077507486,0,ON
2024-01-25 03:00:00,16.63065383692148,66.66250827559784,0.4282224815439583,0,OFF
2024-01-14 05:00:00,17.30891412599292,56.714754409961515,1.0858623641608816,0,OFF
2024-01-18 02:00:00,15.0,69.10678607725137,0.6061318070468591,0,ON
2024-01-28 07:00:00,22.18898922884914,55.669897770966955,2.46211785673227,1,ON
2024-01-15 22:00:00,15.0,75.00379895317155,3.038003569299299,1,ON
2024-01-11 18:00:00,20.887638856292458,50.74902759813269,2.7569539248294577,0,ON
2024-01-12 18:00:00,23.172033632290706,55.54010140116481,2.8694052404437516,0,ON
2024-01-16 16:00:00,25.744641273441356,51.77621404141842,1.4240922993353475,1,OFF
2024-01-17 00:00:00,15.0,73.04091408368758,0.8505964015900184,0,OFF
2024-01-10 08:00:00,23.056136268421135,64.64898057760664,3.1484972732805545,1,OFF
2024-01-30 00:00:00,15.0,67.78506562448543,0.8305568885785961,0,OFF
2024-01-25 23:00:00,15.0,66.56514348507277,0.26927722853326463,0,ON
2024-01-20 16:00:00,20.969617875602896,55.538734966839584,2.8190255507203785,0,ON
2024-01-15 11:00:00,24.912479061559434,58.43541534455345,2.1239217972047086,0,ON
2024-01-22 01:00:00,15.0,66.85089650133287,0.6891168991869099,0,OFF
2024-01-05 05:00:00,17.088156993649115,71.41450171045422,1.331675479000923,0,OFF
2024-01-29 05:00:00,21.43398852602708,52.990947018406125,0.5016951876174464,1,OFF
2024-01-28 12:00:00,26.85267598623953,53.110615377337055,2.688204763048758,0,ON
2024-01-27 02:00:00,15.0,54.730394325490224,0.1,0,OFF
2024-01-26 19:00:00,18.377215687738097,63.286257580270295,2.596794955683772,0,ON
2024-01-24 04:00:00,15.024787551855013,79.05946637212595,0.792043622225282,0,OFF
2024-01-25 01:00:00,15.0,66.04862727905675,0.19884129067797407,0,OFF
2024-01-04 13:00:00,26.723892523143473,48.3683005979416,3.044374309852093,0,ON
2024-01-11 02:00:00,15.0,68.48260584850735,0.5288894417809615,0,ON
2024-01-07 15:00:00,26.96996146676004,55.48702416710036,2.1359985293854327,1,ON
2024-01-22 20:00:00,15.0,64.25361227466996,2.777802233001724,1,ON
2024-01-02 11:00:00,25.285719310370503,65.23333135863119,2.8241402169219296,0,OFF
2024-01-23 12:00:00,29.671384224130282,48.28455822641319,2.014171632729357,1,ON
2024-01-08 02:00:00,15.0,71.60241090598682,0.7124566193253368,0,OFF
2024-01-27 04:00:00,16.111449824577388,58.99843177105681,1.226824440829982,0,OFF
2024-01-26 20:00:00,15.0,68.30286990524932,2.925448981083986,1,ON
2024-01-29 17:00:00,22.95907898379225,54.30721644203639,2.8590928628539674,1,ON
2024-01-04 23:00:00,15.0,60.07219813481514,0.32158907981996143,0,OFF
2024-01-24 11:00:00,27.075359545976863,54.17047226500763,2.34601923518048,0,ON
2024-01-11 00:00:00,15.0,70.71361379933772,0.9211190271009828,1,OFF
2024-01-24 22:00:00,15.0,67.90914679273783,2.9147374209658743,0,OFF
2024-01-20 04:00:00,19.929450265832777,61.00529535701822,1.0090863213532208,0,OFF
2024-01-24 01:00:00,15.0,65.91795775152599,1.0124911541603192,0,ON
2024-01-27 19:00:00,15.0,62.634655295592225,1.351909523431381,0,OFF
2024-01-09 14:00:00,27.95827376469283,45.267980116602814,2.4064278674977255,0,ON
2024-01-17 08:00:00,21.359533585958715,62.3110382745057,2.9765683169566226,0,ON
2024-01-17 13:00:00,30.43515135864337,44.05917897686702,2.5542798528882615,0,ON
2024-01-26 21:00:00,15.286082464779616,67.08610640359764,2.431314105800302,1,ON
2024-01-10 01:00:00,15.0,,1.1952792606823879,0,ON
2024-01-01 04:00:00,15.531693250553328,67.55678731480971,0.9199063855257925,0,ON
2024-01-28 06:00:00,25.146719606499722,59.635772227718455,3.0195558937101343,1,ON
2024-01-26 12:00:00,28.559937252639642,46.092879766389494,2.170941755462372,0,ON
2024-01-23 18:00:00,21.15414425436108,57.71265331171488,2.8625478934239985,1,ON
2024-01-05 02:00:00,15.0,67.91141994637712,0.44902494928691367,0,OFF
2024-01-24 21:00:00,15.0,71.69245387225821,2.0300484494455677,0,ON
2024-01-17 22:00:00,15.0,69.01317732619516,3.1328539204323502,0,ON
2024-01-21 22:00:00,15.0,70.66888440466049,2.634563470622554,0,ON
2024-01-02 23:00:00,15.0,76.35400317817755,0.27175735640576726,0,OFF
2024-01-02 08:00:00,23.97300555052413,49.16112540932714,2.4329914166635414,0,ON
2024-01-09 08:00:00,24.715574720696566,,,0,OFF
2024-01-06 14:00:00,25.089354761807904,59.468489097237416,2.733214991216763,1,ON
2024-01-02 03:00:00,15.094541787198963,63.58127265743495,0.9184014589468944,0,OFF
2024-01-27 21:00:00,15.0,66.70735213486515,1.8896437870429206,0,OFF
2024-01-10 14:00:00,25.467469966841236,50.5926147604565,2.380533950415153,0,OFF
2024-01-21 09:00:00,27.42013376339128,57.617683070847775,3.4791737271102967,1,OFF
2024-01-16 18:00:00,24.379605866435345,58.012229573859386,2.394434880586153,0,ON
2024-01-13 00:00:00,15.0,72.74776357659667,0.9101861940204022,0,ON
2024-01-18 10:00:00,29.28679759840316,49.05680395164455,2.6443468146399285,1,OFF
2024-01-17 07:00:00,23.054390703833178,56.50557831014885,2.616608065631751,0,ON
2024-01-25 16:00:00,24.957959651492782,59.514098267847395,2.7381788846781094,0,OFF
2024-01-21 18:00:00,18.248763493230484,58.45011949385549,3.0428931624696736,0,ON
2024-01-06 18:00:00,21.62703443473934,54.798333126486135,2.1327042116009753,1,ON
2024-01-03 14:00:00,24.715533282263454,54.82768933163463,2.0909005582888462,0,OFF
2024-01-20 15:00:00,21.05301192002121,51.750354645377165,3.615650073096316,1,ON
2024-01-06 08:00:00,24.199302730175283,50.51234598348049,1.7187270715567287,0,OFF
2024-01-30 17:00:00,22.868824589524312,52.78137592286884,2.615350452859342,0,ON
2024-01-22 16:00:00,20.66118943775726,57.11257713842668,2.4725529996918567,0,ON
2024-01-03 16:00:00,25.625051644788396,54.36137477247261,2.414907688737536,1,ON
2024-01-01 14:00:00,23.478367565249446,59.92822683875405,2.782754822815772,1,ON
2024-01-07 12:00:00,31.731549022289514,39.81461997138487,2.809577130502599,1,ON
2024-01-02 16:00:00,25.47693315999082,48.9064111288249,2.8611906789138857,0,OFF
2024-01-21 12:00:00,28.154736615295235,44.17585874921116,2.2673447716099733,0,ON
2024-01-16 19:00:00,,67.26316577678567,,0,ON
2024-01-08 19:00:00,17.78378981386609,67.05558310933696,3.1405081808675566,0,ON
2024-01-10 00:00:00,15.0,62.39383591434643,0.8505382928808843,0,OFF
2024-01-03 04:00:00,15.0,70.6620386952776,0.6307257204027834,0,ON
2024-01-15 01:00:00,15.0,73.36364509629682,0.7888889608854764,0,OFF
2024-01-13 07:00:00,20.68473317029886,59.96245416186495,1.6918446957817062,0,OFF
2024-01-11 11:00:00,29.563130504422098,42.250045955992455,2.2625481716887377,1,ON
2024-01-20 05:00:00,17.999974743123293,69.96004931703806,0.6998541530731971,0,OFF
2024-01-19 23:00:00,15.0,66.09662461566613,0.6889966910353618,0,OFF
2024-01-17 00:00:00,15.0,73.04091408368758,0.8505964015900184,0,OFF
2024-01-12 05:00:00,18.19092879375202,62.84803600434463,0.5076412085988076,0,OFF
2024-01-09 09:00:00,26.77842330222885,44.69978854960142,3.2061102777077144,0,ON
2024-01-07 17:00:00,,51.87857378294079,,1,OFF
2024-01-24 03:00:00,15.0,68.20858456819953,1.1210450714949283,0,ON
2024-01-17 17:00:00,20.871802314912625,64.62744805543296,1.5590754772511803,0,OFF
2024-01-20 20:00:00,17.153113926111537,64.17214011619929,2.1061081240458805,1,ON
2024-01-05 09:00:00,26.464955963121458,57.56948844090631,2.734387128037512,1,ON
2024-01-24 13:00:00,26.911255864269442,42.97695143580694,2.606646853686469,0,ON
2024-01-17 05:00:00,16.77564032785503,74.40669627755139,0.8056548868834543,0,ON
2024-01-01 01:00:00,15.0,58.949158036716874,1.1520421572455974,0,OFF
2024-01-29 12:00:00,25.55574438221611,56.646621855704915,2.511232946406023,0,ON
2024-01-24 09:00:00,29.807655846783256,44.5261670479224,2.4277406646422413,1,ON
2024-01-04 08:00:00,23.560656224324976,59.35043469339252,3.1105168477626766,0,ON
2024-01-09 13:00:00,25.8517565304823,43.606430680357676,2.714153548603824,0,ON
2024-01-02 10:00:00,28.573293054481884,42.393065974117455,2.10755084345888,1,ON
2024-01-22 04:00:00,16.097043255889655,70.67383070014007,1.1378150752316505,0,ON
2024-01-18 19:00:00,19.30155055917671,53.84741974826346,3.0633525684137917,1,ON
2024-01-19 22:00:00,15.0,63.730177055666616,2.455818520397332,0,OFF
2024-01-16 06:00:00,20.448184963620832,64.47913982472797,2.6335633255057416,0,OFF
2024-01-04 19:00:00,19.866737620245612,58.00123827826071,1.615780317218574,1,OFF
2024-01-15 03:00:00,15.0,65.64692833956947,0.5922737060378432,0,OFF
2024-01-24 12:00:00,30.40242784432789,40.46641093096842,1.553192666523107,0,OFF
2024-01-15 09:00:00,26.120954124207653,45.220219340557804,1.7712242502675348,0,OFF
2024-01-11 01:00:00,15.0,74.14576265066216,0.7927413180827252,0,ON
2024-01-01 13:00:00,23.90084612099695,45.635812797315374,3.800841557090197,1,ON
2024-01-14 03:00:00,15.0,75.36993381645016,1.2120975635488873,1,OFF
2024-01-26 00:00:00,15.0,67.78324962448553,0.5915860606732826,0,ON
2024-01-17 03:00:00,18.095487428939393,57.58969104072263,1.2232797139238811,0,OFF
2024-01-12 09:00:00,25.677320371531554,48.07409820271367,2.923710838575211,0,ON
2024-01-07 22:00:00,15.0,70.41964092662982,2.561335157997398,0,ON
2024-01-01 23:00:00,15.0,67.63045525105417,0.5448438637372099,0,OFF
2024-01-27 22:00:00,15.0,67.36347730245033,2.2459299011763445,0,ON
2024-01-21 04:00:00,15.0,67.74430035162852,1.422224800924992,0,ON
2024-01-30 20:00:00,16.228455297324082,64.41386142309614,2.3124018098380317,0,ON
2024-01-22 00:00:00,15.0,66.57356170561145,0.9864715669568153,0,OFF
2024-01-11 03:00:00,16.074656138847864,69.43303457967077,0.897307784516481,0,OFF
2024-01-24 14:00:00,22.851954159919803,46.54104189460381,2.500602737681112,0,ON
2024-01-24 10:00:00,28.67045263713889,50.53486442773462,2.1037900395000193,1,ON
2024-01-29 14:00:00,26.447552433959242,43.21961801535192,1.9095935923455776,0,OFF
2024-01-08 21:00:00,15.0,78.3162736165273,2.9263868375611097,1,ON
2024-01-20 19:00:00,17.431375560067078,66.05531034970139,2.228663100132989,1,OFF
2024-01-29 09:00:00,23.39875070705792,57.58513770204955,2.8923021439490118,0,ON
2024-01-22 06:00:00,20.540913651559677,56.40117059762132,1.6134837658965593,0,OFF
2024-01-03 10:00:00,27.590730093082634,48.241737714875825,3.0120312629057313,0,ON
2024-01-20 18:00:00,23.28993542700257,47.100128191837804,1.5994711329236306,0,OFF
2024-01-24 08:00:00,24.579549713792826,53.798379953222174,2.162410862512809,1,ON
2024-01-11 12:00:00,32.244312394025265,45.83674915390572,2.935648648728622,1,ON
2024-01-01 21:00:00,15.0,61.10211516632149,1.887850881855317,1,ON
2024-01-14 01:00:00,15.0,70.7359796985137,0.25081013094306304,0,OFF
2024-01-20 03:00:00,15.0,61.98205341392114,0.711355904591252,0,ON
2024-01-07 16:00:00,22.050636659545358,69.55870714005007,2.40855177944758,0,ON
2024-01-12 12:00:00,28.398119391146942,,2.6659901652845073,0,ON
2024-01-08 23:00:00,15.0,68.5957516383197,0.546093003502738,0,OFF
2024-01-17 01:00:00,15.0,62.300470364372345,0.9325821948708227,0,ON
2024-01-18 05:00:00,20.484801282976854,61.540469583104624,1.0757462520830006,0,ON
2024-01-21 11:00:00,30.687294888092598,,,0,ON
2024-01-15 07:00:00,21.056666010077905,49.71643209099265,2.880027981844801,1,ON
2024-01-13 20:00:00,17.09419476234008,67.42629772014196,2.5947908082993716,0,ON
2024-01-28 13:00:00,26.63368872783176,47.60990986752384,2.048974222821245,0,OFF
2024-01-06 10:00:00,23.826876368143243,51.14398281566132,2.8971323398109137,0,ON
2024-01-28 15:00:00,24.57000470722485,50.11641832414603,3.062717392207385,1,ON
2024-01-05 03:00:00,15.0,72.82740187532676,0.1,0,OFF
2024-01-16 12:00:00,30.902287215590082,47.28471689479977,3.306110314127712,1,OFF
2024-01-04 15:00:00,26.31435646881175,48.13472218846499,3.2716217641360945,1,ON
2024-01-20 02:00:00,15.0,62.557044464245415,0.9682758343823716,0,OFF
2024-01-14 18:00:00,19.97550645430617,56.908926810993094,2.521801223186227,0,ON
2024-01-09 22:00:00,15.0,69.70007225026666,2.6692419217308454,1,ON
2024-01-20 10:00:00,28.156536630362357,42.852758086764915,1.7145619239657504,1,OFF
2024-01-06 01:00:00,15.0,70.87409746083301,0.575836496255653,0,OFF
2024-01-26 14:00:00,31.819707189509163,43.01377650174681,1.8270645382633925,0,OFF
2024-01-01 20:00:00,18.93129753784311,52.398682536577105,2.430772008008113,0,ON
2024-01-30 04:00:00,15.0,70.19148039524816,0.8494282523709551,0,ON
2024-01-03 23:00:00,15.348666522619393,68.01543865188646,0.7419021622160846,1,OFF
2024-01-05 10:00:00,30.700575032696566,,2.000807280405854,1,OFF
2024-01-12 06:00:00,22.88254657813223,56.718094172539416,3.053540334643486,0,ON
2024-01-19 03:00:00,15.0,72.54908544671318,1.2187051432369869,0,OFF
2024-01-05 06:00:00,19.314570966946462,72.52263416767656,3.330629607273935,0,ON
